{
    "eventPolling": 4.300488710403442,
    "datePolling": 0.1787574291229248,
    "sorting": 0.0,
    "merging": 0.0,
    "filtering": 0.11539459228515625,
    "prettify": 9.260065078735352
}