{
    "eventPolling": 3.957897186279297,
    "datePolling": 0.09227848052978516,
    "sorting": 0.0,
    "merging": 0.0,
    "filtering": 0.011054277420043945,
    "prettify": 0.979128360748291
}